{
    "T": 5,
    "control_data": [
        1,
        1,
        1,
        1,
        1
    ],
    "reward_estimate": {
        "control": [
            [
                0.75
            ],
            [
                0.75,
                0.75
            ],
            [
                0.75,
                0.75,
                0.75
            ],
            [
                0.75,
                0.75,
                0.75,
                0.75
            ],
            [
                0.75,
                0.75,
                0.75,
                0.75,
                0.75
            ]
        ],
        "outputerror": [
            [
                -0.46475998961137294
            ],
            [
                -0.46475998961137294,
                -0.2490809349973342
            ],
            [
                -0.46475998961137294,
                -0.24898735638939562,
                -0.26019225317360856
            ],
            [
                -0.46475998961137294,
                -0.24873347878618485,
                -0.25997713168885167,
                -0.3536169813756147
            ],
            [
                -0.46475998961137294,
                -0.24868285248308278,
                -0.2599398724241127,
                -0.35340127319700004,
                -0.28254813034067233
            ]
        ],
        "policy": [
            [
                0.0
            ],
            [
                0.0,
                0.0
            ],
            [
                0.0,
                0.0,
                0.0
            ],
            [
                0.0,
                0.0,
                0.0,
                0.0
            ],
            [
                0.0,
                0.0,
                0.0,
                0.0,
                0.0
            ]
        ],
        "state": [
            [
                0.512
            ],
            [
                0.512,
                0.5119211323138743
            ],
            [
                0.512,
                0.5119253896220812,
                0.5118084979065757
            ],
            [
                0.512,
                0.5119369691062489,
                0.5118502443273664,
                0.5117395302154434
            ],
            [
                0.512,
                0.5119392781971982,
                0.5118583459796454,
                0.5117670308560051,
                0.5116126968507643
            ]
        ],
        "total": [
            [
                0.797240010388627
            ],
            [
                0.797240010388627,
                1.01284019731654
            ],
            [
                0.797240010388627,
                1.0129380332326856,
                1.0016162447329673
            ],
            [
                0.797240010388627,
                1.0132034903200642,
                1.0018731126385145,
                0.9081225488398288
            ],
            [
                0.797240010388627,
                1.0132564257141152,
                1.0019184735555329,
                0.9083657576590052,
                0.9790645665100919
            ]
        ]
    },
    "sensor_data": [
        [
            957.2561884886734,
            836.0040277556689,
            766.878840782078,
            739.4096547302661,
            712.2862397040682,
            634.1013567646917,
            603.6808713686138,
            531.4492722177218,
            315.9525209949818,
            307.04140574697163,
            303.1781998293522,
            285.1569913805027,
            265.01234458236684,
            239.4989952696725,
            170.750438917981,
            164.5497366880303,
            1005.0590584192618,
            853.0118828120994,
            734.7747896150472,
            645.970189955527,
            345.47559944021936,
            361.1740419874864,
            272.3322432230616,
            215.71768365221556
        ],
        [
            936.6660519932475,
            841.82789569505,
            785.5689725077827,
            755.9350675928144,
            710.756221087921,
            643.4185505430706,
            603.7357964292144,
            539.4278643663556,
            315.04881165780915,
            302.8481126096197,
            298.4307329896189,
            293.5987377589664,
            260.38557402392775,
            216.9508586798781,
            168.77020102829184,
            151.60065091512982,
            1014.5312968246858,
            857.1215919873231,
            740.5755896170928,
            648.2968301523543,
            354.9494629307408,
            350.3271352494418,
            266.08972865675474,
            215.84827610230778
        ],
        [
            928.2937854517486,
            855.2488731739162,
            790.8576421634311,
            760.4345016352072,
            715.6114457424724,
            645.3835221913088,
            595.1036468547376,
            532.1580156972137,
            305.1196264113327,
            311.86100954601864,
            305.02087682134976,
            292.1109688193948,
            252.19848839527648,
            213.9531934756362,
            184.27803514569294,
            140.40824028539325,
            1028.6288277454619,
            855.297743413766,
            739.8674509698247,
            648.0879125750478,
            354.85254810493643,
            347.88406563838674,
            269.34774622777167,
            221.27248406982494
        ],
        [
            925.5047727922941,
            848.7469002483818,
            797.7648069035255,
            763.1683346374158,
            697.9210442110278,
            642.7330936900563,
            590.6981893136948,
            542.0615705964618,
            313.49520776204713,
            302.6289519361877,
            318.5013797511025,
            290.5564985471903,
            262.9460090606071,
            207.35606703791294,
            181.77955823238764,
            146.10448086580706,
            1025.0334591706521,
            860.3132155536917,
            734.603506613333,
            665.4475928740711,
            346.60863977113644,
            345.761778616054,
            254.27469822739306,
            213.1530662689257
        ],
        [
            932.8222915499637,
            863.1958429280818,
            786.1224084812715,
            748.2538506384708,
            717.8308800444998,
            638.7273658216367,
            595.058137770784,
            525.8004790406436,
            311.5717485675287,
            304.72896988682163,
            308.8756942003052,
            298.1767426949028,
            244.39326349422103,
            217.77414712378848,
            169.24118863758574,
            150.76510166572126,
            1026.4364396308513,
            857.0153333995053,
            736.2672864992504,
            653.9636287584643,
            350.0517283639023,
            356.4729474564826,
            269.69794568018335,
            222.84957749057287
        ]
    ],